{
  "project_info": {
    "project_number": "496278587885",
    "project_id": "homework-bd4b7",
    "storage_bucket": "homework-bd4b7.appspot.com"
  },
  "client": [
    {
      "client_info": {
        "mobilesdk_app_id": "1:496278587885:android:87950fb7c0e25d2846bfe4",
        "android_client_info": {
          "package_name": "com.example.homework"
        }
      },
      "oauth_client": [
        {
          "client_id": "496278587885-trv3fk9fldelfp3c4spq2gar53j2mrs8.apps.googleusercontent.com",
          "client_type": 3
        }
      ],
      "api_key": [
        {
          "current_key": "AIzaSyB_rbXXley_aOe_Q3x7dMP5afzeG0bEcV8"
        }
      ],
      "services": {
        "appinvite_service": {
          "other_platform_oauth_client": [
            {
              "client_id": "496278587885-trv3fk9fldelfp3c4spq2gar53j2mrs8.apps.googleusercontent.com",
              "client_type": 3
            }
          ]
        }
      }
    }
  ],
  "configuration_version": "1"
}